taxonomy	carK_1_DKDN250001546-1A_22KVLLLT4_L6_1	carK_2_DKDN250001547-1A_22Y2CMLT3_L2_1	carK_4_DKDN250001548-1A_22KVLLLT4_L6_1	carK_8_DKDN250001549-1A_22Y2CMLT3_L2_1	carK_9_DKDN250001550-1A_22KVLLLT4_L8_1	carR_10_DKDN250001554-1A_22VYGNLT3_L3_1	carR_10_DKDN250001554-1A_22W2JCLT3_L1_1	carR_1_DKDN250001551-1A_22VYGNLT3_L3_1	carR_1_DKDN250001551-1A_22W2JCLT3_L1_1	carR_5_DKDN250001552-1A_22KVLLLT4_L6_1	carR_9_DKDN250001553-1A_22KVLLLT4_L6_1	ces_1_DKDN250001560-1A_22VYGNLT3_L3_1	ces_3_DKDN250001561-1A_22KVLLLT4_L6_1	ces_5_DKDN250001562-1A_22KVLLLT4_L6_1	ces_6_DKDN250001563-1A_22KVLLLT4_L6_1	ces_7_DKDN250001564-1A_22KVLLLT4_L8_1	hok_1_DKDN250001570-1A_22VYGNLT3_L3_1	hok_1_DKDN250001570-1A_22W2JCLT3_L5_1	hok_2_DKDN250001571-1A_22KVLLLT4_L8_1	hok_3_DKDN250001572-1A_22VYGNLT3_L3_1	hok_3_DKDN250001572-1A_22W2JCLT3_L1_1	hok_5_DKDN250001573-1A_22KVLLLT4_L8_1	hok_7_DKDN250001574-1A_22KVLLLT4_L8_1	mtz_1_DKDN250001565-1A_22KVLLLT4_L8_1	mtz_3_DKDN250001566-1A_22VYGNLT3_L3_1	mtz_4_DKDN250001567-1A_22KVLLLT4_L8_1	mtz_6_DKDN250001568-1A_22KVLLLT4_L8_1	mtz_7_DKDN250001569-1A_22KVLLLT4_L8_1	RH_1_DKDN250001555-1A_22KVLLLT4_L6_1	RH_2_DKDN250001556-1A_22VYGNLT3_L3_1	RH_2_DKDN250001556-1A_22W2JCLT3_L1_1	RH_3_DKDN250001557-1A_22KVLLLT4_L6_1	RH_5_DKDN250001558-1A_22KVLLLT4_L6_1	RH_8_DKDN250001559-1A_22KVLLLT4_L6_1
unassigned	8.49	6.12	6.53	4.66	6.7	4.73	5.64	4.15	3.64	7.17	8.63	5.69	2.96	6.76	10.14	4.94	4.95	5.15	1.27	7.46	6.43	5.15	1.94	20.98	15.22	14.92	10.39	11.69	7.53	5.53	6.01	5.53	4.68	5.9
Root; d__Bacteria; p__Pseudomonadota; c__Alphaproteobacteria; o__Rhizobiales; f__Xanthobacteraceae; g__Bradyrhizobium	88.15	92.8	90.21	94.39	91.6	93.11	92.85	95.56	96.36	90.05	87.6	94.15	96.61	92.14	87.47	93.94	94.12	94.58	98.26	92.54	93.57	93.66	97.94	66.76	84.43	78.44	83.64	87.05	92.09	94.25	93.99	93.91	95.28	94.05
Root; d__Bacteria; p__Pseudomonadota; c__Alphaproteobacteria; o__Rhizobiales; f__Rhizobiaceae; g__Agrobacterium	0.08	0.0	0.19	0.08	0.04	0.0	0.0	0.0	0.0	0.0	0.0	0.0	0.0	0.0	0.0	0.0	0.0	0.0	0.0	0.0	0.0	0.0	0.0	0.0	0.0	0.0	0.0	0.0	0.0	0.0	0.0	0.0	0.0	0.0
Root; d__Bacteria; p__Pseudomonadota; c__Alphaproteobacteria; o__Rhizobiales; f__Rhizobiaceae; g__Neorhizobium	0.19	0.0	0.36	0.2	0.3	0.08	0.0	0.0	0.0	0.25	0.07	0.0	0.0	0.0	0.13	0.09	0.15	0.0	0.09	0.0	0.0	0.08	0.0	1.34	0.0	0.16	0.36	0.06	0.1	0.0	0.0	0.0	0.0	0.0
Root; d__Bacteria; p__Pseudomonadota; c__Alphaproteobacteria; o__Caulobacterales; f__Caulobacteraceae; g__BOG-938	0.23	0.0	0.0	0.0	0.06	0.0	0.0	0.0	0.0	0.0	0.06	0.0	0.0	0.0	0.05	0.03	0.0	0.0	0.0	0.0	0.0	0.04	0.0	0.29	0.0	0.0	0.21	0.09	0.0	0.0	0.0	0.0	0.0	0.0
Root; d__Bacteria; p__Pseudomonadota; c__Alphaproteobacteria; o__Caulobacterales; f__Caulobacteraceae; g__Phenylobacterium	1.56	0.35	0.49	0.06	0.23	1.07	1.0	0.09	0.0	0.39	1.42	0.11	0.17	0.22	0.46	0.18	0.16	0.15	0.0	0.0	0.0	0.34	0.0	2.53	0.19	0.13	1.02	0.26	0.0	0.15	0.0	0.05	0.0	0.0
Root; d__Bacteria; p__Pseudomonadota; c__Alphaproteobacteria; o__Caulobacterales; f__Caulobacteraceae; g__Caulobacter	0.39	0.07	0.23	0.06	0.07	0.07	0.0	0.0	0.0	0.08	0.07	0.0	0.0	0.0	0.07	0.03	0.0	0.0	0.0	0.0	0.0	0.1	0.0	0.46	0.0	0.0	0.18	0.0	0.0	0.0	0.0	0.0	0.0	0.0
Root; d__Bacteria; p__Pseudomonadota; c__Alphaproteobacteria; o__Caulobacterales; f__Caulobacteraceae; g__Brevundimonas	0.12	0.08	0.12	0.0	0.15	0.0	0.0	0.0	0.0	0.09	0.08	0.0	0.05	0.05	0.15	0.03	0.0	0.0	0.0	0.0	0.0	0.03	0.0	0.23	0.0	0.27	0.1	0.08	0.06	0.0	0.0	0.05	0.0	0.0
Root; d__Bacteria; p__Pseudomonadota; c__Alphaproteobacteria; o__Sphingomonadales; f__Sphingomonadaceae; g__Sphingobium	0.05	0.0	0.24	0.0	0.11	0.0	0.0	0.0	0.0	0.0	0.0	0.0	0.0	0.0	0.0	0.07	0.0	0.0	0.0	0.0	0.0	0.0	0.0	0.8	0.0	0.24	0.72	0.07	0.0	0.0	0.0	0.0	0.0	0.0
Root; d__Bacteria; p__Pseudomonadota; c__Alphaproteobacteria; o__Sphingomonadales; f__Sphingomonadaceae; g__Novosphingobium	0.21	0.17	0.36	0.08	0.14	0.09	0.19	0.0	0.0	0.15	0.15	0.06	0.11	0.17	0.43	0.25	0.16	0.0	0.07	0.0	0.0	0.24	0.0	0.98	0.0	0.14	0.55	0.06	0.07	0.07	0.0	0.05	0.0	0.0
Root; d__Bacteria; p__Pseudomonadota; c__Alphaproteobacteria; o__Sphingomonadales; f__Sphingomonadaceae; g__Sphingomicrobium	0.07	0.0	0.0	0.0	0.0	0.0	0.0	0.0	0.0	0.0	0.0	0.0	0.0	0.0	0.0	0.0	0.0	0.0	0.0	0.0	0.0	0.0	0.0	0.14	0.0	0.06	0.04	0.06	0.0	0.0	0.0	0.0	0.0	0.0
Root; d__Bacteria; p__Pseudomonadota; c__Alphaproteobacteria; o__Sphingomonadales; f__Sphingomonadaceae; g__Sphingomonas	0.09	0.0	0.0	0.0	0.0	0.06	0.0	0.0	0.0	0.0	0.0	0.0	0.0	0.0	0.0	0.0	0.0	0.0	0.0	0.0	0.0	0.0	0.0	0.19	0.0	0.11	0.14	0.05	0.0	0.0	0.0	0.0	0.0	0.0
Root; d__Bacteria; p__Pseudomonadota; c__Gammaproteobacteria; o__Burkholderiales; f__Burkholderiaceae; g__Burkholderia	0.19	0.09	0.0	0.18	0.0	0.0	0.0	0.06	0.0	0.0	0.0	0.0	0.0	0.0	0.0	0.0	0.0	0.0	0.07	0.0	0.0	0.0	0.08	1.68	0.0	3.76	0.05	0.3	0.0	0.0	0.0	0.0	0.0	0.0
Root; d__Bacteria; p__Pseudomonadota; c__Gammaproteobacteria; o__Burkholderiales; f__Methylophilaceae; g__Methylophilus	0.06	0.12	0.28	0.0	0.14	0.23	0.11	0.06	0.0	0.55	0.42	0.0	0.0	0.09	0.15	0.09	0.11	0.0	0.06	0.0	0.0	0.07	0.0	0.15	0.0	0.0	0.49	0.0	0.1	0.0	0.0	0.09	0.0	0.05
Root; d__Bacteria; p__Acidobacteriota; c__Thermoanaerobaculia; o__Multivoradales; f__UBA5704; g__UBA5704	0.11	0.0	0.0	0.0	0.0	0.0	0.0	0.0	0.0	0.0	0.0	0.0	0.0	0.0	0.0	0.0	0.0	0.0	0.0	0.0	0.0	0.0	0.0	0.0	0.0	0.0	0.0	0.0	0.0	0.0	0.0	0.0	0.0	0.0
Root; d__Bacteria; p__Pseudomonadota; c__Alphaproteobacteria; o__Rhizobiales; f__Xanthobacteraceae; g__Afipia	0.0	0.05	0.0	0.0	0.0	0.0	0.0	0.0	0.0	0.04	0.0	0.0	0.0	0.0	0.0	0.0	0.0	0.0	0.0	0.0	0.0	0.0	0.0	0.09	0.09	0.0	0.0	0.0	0.0	0.0	0.0	0.0	0.0	0.0
Root; d__Bacteria; p__Pseudomonadota; c__Alphaproteobacteria; o__Rhizobiales; f__Rhizobiaceae; g__Allorhizobium	0.0	0.09	0.33	0.29	0.29	0.14	0.11	0.09	0.0	0.37	0.15	0.0	0.0	0.07	0.2	0.05	0.07	0.0	0.0	0.0	0.0	0.05	0.0	0.46	0.07	0.11	0.32	0.0	0.05	0.0	0.0	0.0	0.0	0.0
Root; d__Bacteria; p__Pseudomonadota; c__Gammaproteobacteria; o__Pseudomonadales; f__Cellvibrionaceae; g__Cellvibrio	0.0	0.06	0.25	0.0	0.0	0.11	0.1	0.0	0.0	0.0	0.35	0.0	0.1	0.35	0.28	0.2	0.05	0.0	0.0	0.0	0.0	0.0	0.0	0.09	0.0	0.0	0.05	0.0	0.0	0.0	0.0	0.23	0.0	0.0
Root; d__Bacteria; p__Pseudomonadota; c__Alphaproteobacteria; o__Rhizobiales; f__Rhizobiaceae; g__Rhizobium_E	0.0	0.0	0.1	0.0	0.0	0.0	0.0	0.0	0.0	0.0	0.0	0.0	0.0	0.0	0.0	0.0	0.0	0.0	0.0	0.0	0.0	0.0	0.0	0.0	0.0	0.0	0.0	0.0	0.0	0.0	0.0	0.0	0.0	0.0
Root; d__Bacteria; p__Pseudomonadota; c__Gammaproteobacteria; o__Pseudomonadales; f__Pseudomonadaceae; g__Pseudomonas_E	0.0	0.0	0.15	0.0	0.0	0.0	0.0	0.0	0.0	0.08	0.0	0.0	0.0	0.0	0.0	0.0	0.0	0.0	0.0	0.0	0.0	0.0	0.0	0.07	0.0	0.0	0.05	0.0	0.0	0.0	0.0	0.0	0.0	0.0
Root; d__Bacteria; p__Bacteroidota; c__Bacteroidia; o__Flavobacteriales; f__Flavobacteriaceae; g__Flavobacterium	0.0	0.0	0.17	0.0	0.05	0.12	0.0	0.0	0.0	0.25	0.22	0.0	0.0	0.07	0.12	0.04	0.0	0.0	0.0	0.0	0.0	0.0	0.0	0.16	0.0	0.0	0.18	0.0	0.0	0.0	0.0	0.0	0.0	0.0
Root; d__Bacteria; p__Pseudomonadota; c__Alphaproteobacteria; o__Rhizobiales; f__Rhizobiaceae; g__Pararhizobium	0.0	0.0	0.0	0.0	0.04	0.0	0.0	0.0	0.0	0.0	0.0	0.0	0.0	0.0	0.0	0.0	0.0	0.0	0.0	0.0	0.0	0.0	0.0	0.0	0.0	0.0	0.0	0.0	0.0	0.0	0.0	0.0	0.0	0.0
Root; d__Bacteria; p__Pseudomonadota; c__Alphaproteobacteria; o__Sphingomonadales; f__Sphingomonadaceae; g__Sphingopyxis	0.0	0.0	0.0	0.0	0.05	0.0	0.0	0.0	0.0	0.08	0.0	0.0	0.0	0.0	0.0	0.0	0.0	0.0	0.0	0.0	0.0	0.0	0.0	0.06	0.0	0.0	0.0	0.0	0.0	0.0	0.0	0.0	0.0	0.0
Root; d__Bacteria; p__Pseudomonadota; c__Gammaproteobacteria; o__Burkholderiales; f__Methylophilaceae; g__CABHOJ01	0.0	0.0	0.0	0.0	0.04	0.0	0.0	0.0	0.0	0.0	0.05	0.0	0.0	0.0	0.0	0.0	0.0	0.0	0.0	0.0	0.0	0.0	0.0	0.0	0.0	0.0	0.0	0.0	0.0	0.0	0.0	0.0	0.0	0.0
Root; d__Bacteria; p__Pseudomonadota; c__Gammaproteobacteria; o__Burkholderiales; f__Burkholderiaceae; g__Piscinibacter	0.0	0.0	0.0	0.0	0.0	0.06	0.0	0.0	0.0	0.0	0.1	0.0	0.0	0.0	0.04	0.0	0.0	0.0	0.0	0.0	0.0	0.0	0.0	0.0	0.0	0.0	0.0	0.0	0.0	0.0	0.0	0.0	0.0	0.0
Root; d__Bacteria; p__Verrucomicrobiota; c__Verrucomicrobiia; o__Verrucomicrobiales; f__Akkermansiaceae; g__Luteolibacter	0.0	0.0	0.0	0.0	0.0	0.05	0.0	0.0	0.0	0.0	0.0	0.0	0.0	0.0	0.0	0.0	0.0	0.0	0.0	0.0	0.0	0.0	0.0	0.0	0.0	0.0	0.0	0.0	0.0	0.0	0.0	0.0	0.0	0.0
Root; d__Bacteria; p__Bacteroidota; c__Bacteroidia; o__Cytophagales; f__Cyclobacteriaceae; g__Ohtaekwangia	0.0	0.0	0.0	0.0	0.0	0.06	0.0	0.0	0.0	0.0	0.21	0.0	0.0	0.0	0.0	0.0	0.0	0.0	0.0	0.0	0.0	0.0	0.0	0.0	0.0	0.0	0.0	0.0	0.0	0.0	0.0	0.0	0.0	0.0
Root; d__Bacteria; p__Pseudomonadota; c__Alphaproteobacteria; o__Caulobacterales; f__Caulobacteraceae; g__Asticcacaulis	0.0	0.0	0.0	0.0	0.0	0.0	0.0	0.0	0.0	0.05	0.0	0.0	0.0	0.0	0.0	0.0	0.0	0.0	0.0	0.0	0.0	0.0	0.0	0.0	0.0	0.0	0.0	0.0	0.0	0.0	0.0	0.0	0.0	0.0
Root; d__Bacteria; p__Pseudomonadota; c__Gammaproteobacteria; o__Burkholderiales; f__Burkholderiaceae; g__Hydrogenophaga	0.0	0.0	0.0	0.0	0.0	0.0	0.0	0.0	0.0	0.04	0.1	0.0	0.0	0.0	0.08	0.0	0.0	0.0	0.0	0.0	0.0	0.0	0.0	0.0	0.0	0.0	0.18	0.0	0.0	0.0	0.0	0.05	0.0	0.0
Root; d__Bacteria; p__Pseudomonadota; c__Gammaproteobacteria; o__Burkholderiales; f__Burkholderiaceae; g__Acidovorax	0.0	0.0	0.0	0.0	0.0	0.0	0.0	0.0	0.0	0.09	0.0	0.0	0.0	0.0	0.0	0.0	0.0	0.0	0.0	0.0	0.0	0.0	0.0	0.0	0.0	0.0	0.0	0.0	0.0	0.0	0.0	0.0	0.0	0.0
Root; d__Bacteria; p__Pseudomonadota; c__Gammaproteobacteria; o__Xanthomonadales; f__Xanthomonadaceae; g__Pseudoxanthomonas_A	0.0	0.0	0.0	0.0	0.0	0.0	0.0	0.0	0.0	0.08	0.0	0.0	0.0	0.0	0.0	0.0	0.0	0.0	0.0	0.0	0.0	0.0	0.0	0.0	0.0	0.0	0.0	0.0	0.0	0.0	0.0	0.0	0.0	0.0
Root; d__Bacteria; p__Bacteroidota; c__Bacteroidia; o__Chitinophagales; f__Chitinophagaceae; g__Flavihumibacter	0.0	0.0	0.0	0.0	0.0	0.0	0.0	0.0	0.0	0.06	0.0	0.0	0.0	0.0	0.0	0.05	0.0	0.0	0.0	0.0	0.0	0.0	0.0	0.0	0.0	0.0	0.05	0.0	0.0	0.0	0.0	0.0	0.0	0.0
Root; d__Bacteria; p__Verrucomicrobiota; c__Verrucomicrobiia; o__Verrucomicrobiales; f__Akkermansiaceae; g__Haloferula	0.0	0.0	0.0	0.0	0.0	0.0	0.0	0.0	0.0	0.13	0.0	0.0	0.0	0.0	0.0	0.0	0.0	0.0	0.0	0.0	0.0	0.0	0.0	0.0	0.0	0.0	0.0	0.0	0.0	0.0	0.0	0.0	0.0	0.0
Root; d__Bacteria; p__Pseudomonadota; c__Alphaproteobacteria; o__Caulobacterales; f__Hyphomonadaceae; g__UBA7672	0.0	0.0	0.0	0.0	0.0	0.0	0.0	0.0	0.0	0.0	0.05	0.0	0.0	0.0	0.0	0.0	0.0	0.0	0.0	0.0	0.0	0.0	0.0	0.0	0.0	0.0	0.0	0.0	0.0	0.0	0.0	0.0	0.0	0.0
Root; d__Bacteria; p__Verrucomicrobiota; c__Verrucomicrobiia; o__Opitutales; f__Opitutaceae; g__IMCC26134_A	0.0	0.0	0.0	0.0	0.0	0.0	0.0	0.0	0.0	0.0	0.09	0.0	0.0	0.09	0.08	0.0	0.06	0.0	0.0	0.0	0.0	0.0	0.0	0.17	0.0	0.0	0.12	0.0	0.0	0.0	0.0	0.05	0.0	0.0
Root; d__Bacteria; p__Bacteroidota; c__Bacteroidia; o__Chitinophagales; f__Chitinophagaceae; g__Parasegetibacter	0.0	0.0	0.0	0.0	0.0	0.0	0.0	0.0	0.0	0.0	0.13	0.0	0.0	0.0	0.04	0.0	0.06	0.0	0.0	0.0	0.0	0.0	0.0	0.0	0.0	0.0	0.0	0.0	0.0	0.0	0.0	0.0	0.0	0.0
Root; d__Bacteria; p__Bacteroidota; c__Bacteroidia; o__Flavobacteriales; f__Flavobacteriaceae; g__YIK13	0.0	0.0	0.0	0.0	0.0	0.0	0.0	0.0	0.0	0.0	0.05	0.0	0.0	0.0	0.0	0.0	0.0	0.0	0.0	0.0	0.0	0.0	0.0	0.12	0.0	0.0	0.0	0.0	0.0	0.0	0.0	0.0	0.0	0.0
Root; d__Bacteria; p__Pseudomonadota; c__Gammaproteobacteria; o__Burkholderiales; f__Burkholderiaceae; g__Pseudorhodoferax	0.0	0.0	0.0	0.0	0.0	0.0	0.0	0.0	0.0	0.0	0.0	0.0	0.0	0.0	0.04	0.0	0.0	0.0	0.0	0.0	0.0	0.0	0.0	0.0	0.0	0.0	0.0	0.0	0.0	0.0	0.0	0.0	0.0	0.0
Root; d__Bacteria; p__Bacteroidota; c__Bacteroidia; o__Chitinophagales; f__Chitinophagaceae; g__Terrimonas_A	0.0	0.0	0.0	0.0	0.0	0.0	0.0	0.0	0.0	0.0	0.0	0.0	0.0	0.0	0.07	0.0	0.0	0.0	0.0	0.0	0.0	0.0	0.0	0.0	0.0	0.0	0.0	0.0	0.0	0.0	0.0	0.0	0.0	0.0
Root; d__Bacteria; p__Pseudomonadota; c__Alphaproteobacteria; o__Rhizobiales; f__Rhizobiaceae; g__Rhizobium	0.0	0.0	0.0	0.0	0.0	0.0	0.0	0.0	0.0	0.0	0.0	0.0	0.0	0.0	0.0	0.0	0.11	0.12	0.11	0.0	0.0	0.03	0.03	0.2	0.0	0.0	0.0	0.0	0.0	0.0	0.0	0.0	0.04	0.0
Root; d__Bacteria; p__Pseudomonadota; c__Alphaproteobacteria; o__DSM-16000; f__Inquilinaceae; g__Inquilinus	0.0	0.0	0.0	0.0	0.0	0.0	0.0	0.0	0.0	0.0	0.0	0.0	0.0	0.0	0.0	0.0	0.0	0.0	0.06	0.0	0.0	0.0	0.0	0.0	0.0	0.0	0.0	0.0	0.0	0.0	0.0	0.0	0.0	0.0
Root; d__Bacteria; p__Actinomycetota; c__Actinomycetes; o__Actinomycetales; f__Microbacteriaceae; g__Pseudolysinimonas	0.0	0.0	0.0	0.0	0.0	0.0	0.0	0.0	0.0	0.0	0.0	0.0	0.0	0.0	0.0	0.0	0.0	0.0	0.0	0.0	0.0	0.04	0.0	0.0	0.0	0.0	0.0	0.0	0.0	0.0	0.0	0.0	0.0	0.0
Root; d__Bacteria; p__Actinomycetota; c__Actinomycetes; o__Actinomycetales; f__Microbacteriaceae; g__Microbacterium	0.0	0.0	0.0	0.0	0.0	0.0	0.0	0.0	0.0	0.0	0.0	0.0	0.0	0.0	0.0	0.0	0.0	0.0	0.0	0.0	0.0	0.1	0.0	0.36	0.0	0.0	0.0	0.0	0.0	0.0	0.0	0.0	0.0	0.0
Root; d__Bacteria; p__Bacteroidota; c__Bacteroidia; o__Cytophagales; f__Cyclobacteriaceae; g__Chryseolinea	0.0	0.0	0.0	0.0	0.0	0.0	0.0	0.0	0.0	0.0	0.0	0.0	0.0	0.0	0.0	0.0	0.0	0.0	0.0	0.0	0.0	0.05	0.0	0.0	0.0	0.0	0.06	0.0	0.0	0.0	0.0	0.0	0.0	0.0
Root; d__Bacteria; p__Pseudomonadota; c__Alphaproteobacteria; o__Rhizobiales; f__Hyphomicrobiaceae; g__Hyphomicrobium_C	0.0	0.0	0.0	0.0	0.0	0.0	0.0	0.0	0.0	0.0	0.0	0.0	0.0	0.0	0.0	0.0	0.0	0.0	0.0	0.0	0.0	0.0	0.0	0.13	0.0	0.0	0.12	0.06	0.0	0.0	0.0	0.0	0.0	0.0
Root; d__Bacteria; p__Pseudomonadota; c__Alphaproteobacteria; o__Rhizobiales; f__Beijerinckiaceae; g__Microvirga	0.0	0.0	0.0	0.0	0.0	0.0	0.0	0.0	0.0	0.0	0.0	0.0	0.0	0.0	0.0	0.0	0.0	0.0	0.0	0.0	0.0	0.0	0.0	0.1	0.0	0.17	0.0	0.0	0.0	0.0	0.0	0.0	0.0	0.0
Root; d__Bacteria; p__Pseudomonadota; c__Alphaproteobacteria; o__Rhizobiales; f__Pseudoxanthobacteraceae; g__CAMDHY01	0.0	0.0	0.0	0.0	0.0	0.0	0.0	0.0	0.0	0.0	0.0	0.0	0.0	0.0	0.0	0.0	0.0	0.0	0.0	0.0	0.0	0.0	0.0	0.14	0.0	0.0	0.1	0.0	0.0	0.0	0.0	0.0	0.0	0.0
Root; d__Bacteria; p__Pseudomonadota; c__Alphaproteobacteria; o__Caulobacterales; f__Caulobacteraceae; g__Palsa-881	0.0	0.0	0.0	0.0	0.0	0.0	0.0	0.0	0.0	0.0	0.0	0.0	0.0	0.0	0.0	0.0	0.0	0.0	0.0	0.0	0.0	0.0	0.0	0.05	0.0	0.0	0.05	0.0	0.0	0.0	0.0	0.0	0.0	0.0
Root; d__Bacteria; p__Pseudomonadota; c__Alphaproteobacteria; o__Rhodobacterales; f__Rhodobacteraceae; g__Amaricoccus	0.0	0.0	0.0	0.0	0.0	0.0	0.0	0.0	0.0	0.0	0.0	0.0	0.0	0.0	0.0	0.0	0.0	0.0	0.0	0.0	0.0	0.0	0.0	0.4	0.0	0.0	0.0	0.0	0.0	0.0	0.0	0.0	0.0	0.0
Root; d__Bacteria; p__Pseudomonadota; c__Alphaproteobacteria; o__Rhodobacterales; f__Rhodobacteraceae; g__Paracoccus	0.0	0.0	0.0	0.0	0.0	0.0	0.0	0.0	0.0	0.0	0.0	0.0	0.0	0.0	0.0	0.0	0.0	0.0	0.0	0.0	0.0	0.0	0.0	0.15	0.0	0.0	0.0	0.0	0.0	0.0	0.0	0.0	0.0	0.0
Root; d__Bacteria; p__Pseudomonadota; c__Gammaproteobacteria; o__Burkholderiales; f__Burkholderiaceae; g__Pelomonas	0.0	0.0	0.0	0.0	0.0	0.0	0.0	0.0	0.0	0.0	0.0	0.0	0.0	0.0	0.0	0.0	0.0	0.0	0.0	0.0	0.0	0.0	0.0	0.11	0.0	0.0	0.0	0.0	0.0	0.0	0.0	0.0	0.0	0.0
Root; d__Bacteria; p__Pseudomonadota; c__Gammaproteobacteria; o__Burkholderiales; f__Burkholderiaceae; g__LMDS01	0.0	0.0	0.0	0.0	0.0	0.0	0.0	0.0	0.0	0.0	0.0	0.0	0.0	0.0	0.0	0.0	0.0	0.0	0.0	0.0	0.0	0.0	0.0	0.14	0.0	0.0	0.0	0.0	0.0	0.0	0.0	0.0	0.0	0.0
Root; d__Bacteria; p__Pseudomonadota; c__Gammaproteobacteria; o__Burkholderiales; f__Burkholderiaceae; g__Alcaligenes	0.0	0.0	0.0	0.0	0.0	0.0	0.0	0.0	0.0	0.0	0.0	0.0	0.0	0.0	0.0	0.0	0.0	0.0	0.0	0.0	0.0	0.0	0.0	0.07	0.0	0.19	0.0	0.0	0.0	0.0	0.0	0.0	0.0	0.0
Root; d__Bacteria; p__Actinomycetota; c__Actinomycetes; o__Actinomycetales; f__Microbacteriaceae; g__Agromyces	0.0	0.0	0.0	0.0	0.0	0.0	0.0	0.0	0.0	0.0	0.0	0.0	0.0	0.0	0.0	0.0	0.0	0.0	0.0	0.0	0.0	0.0	0.0	0.23	0.0	0.0	0.0	0.0	0.0	0.0	0.0	0.0	0.0	0.0
Root; d__Bacteria; p__Actinomycetota; c__Actinomycetes; o__Mycobacteriales; f__Pseudonocardiaceae; g__Pseudonocardia	0.0	0.0	0.0	0.0	0.0	0.0	0.0	0.0	0.0	0.0	0.0	0.0	0.0	0.0	0.0	0.0	0.0	0.0	0.0	0.0	0.0	0.0	0.0	0.06	0.0	0.14	0.0	0.0	0.0	0.0	0.0	0.0	0.0	0.0
Root; d__Bacteria; p__Patescibacteriota; c__Saccharimonadia; o__Saccharimonadales; f__UBA1547; g__Microsaccharimonas	0.0	0.0	0.0	0.0	0.0	0.0	0.0	0.0	0.0	0.0	0.0	0.0	0.0	0.0	0.0	0.0	0.0	0.0	0.0	0.0	0.0	0.0	0.0	0.13	0.0	0.0	0.33	0.0	0.0	0.0	0.0	0.0	0.0	0.0
Root; d__Bacteria; p__Pseudomonadota; c__Alphaproteobacteria; o__Rhizobiales; f__Beijerinckiaceae; g__JAJKJG01	0.0	0.0	0.0	0.0	0.0	0.0	0.0	0.0	0.0	0.0	0.0	0.0	0.0	0.0	0.0	0.0	0.0	0.0	0.0	0.0	0.0	0.0	0.0	0.0	0.0	0.12	0.0	0.0	0.0	0.0	0.0	0.0	0.0	0.0
Root; d__Bacteria; p__Pseudomonadota; c__Alphaproteobacteria; o__Azospirillales; f__Azospirillaceae; g__Azospirillum	0.0	0.0	0.0	0.0	0.0	0.0	0.0	0.0	0.0	0.0	0.0	0.0	0.0	0.0	0.0	0.0	0.0	0.0	0.0	0.0	0.0	0.0	0.0	0.0	0.0	0.06	0.0	0.0	0.0	0.0	0.0	0.0	0.0	0.0
Root; d__Bacteria; p__Pseudomonadota; c__Gammaproteobacteria; o__Pseudomonadales; f__Moraxellaceae; g__Acinetobacter	0.0	0.0	0.0	0.0	0.0	0.0	0.0	0.0	0.0	0.0	0.0	0.0	0.0	0.0	0.0	0.0	0.0	0.0	0.0	0.0	0.0	0.0	0.0	0.0	0.0	0.54	0.0	0.18	0.0	0.0	0.0	0.0	0.0	0.0
Root; d__Bacteria; p__Actinomycetota; c__Acidimicrobiia; o__Acidimicrobiales; f__JACDCH01; g__ZC4RG19	0.0	0.0	0.0	0.0	0.0	0.0	0.0	0.0	0.0	0.0	0.0	0.0	0.0	0.0	0.0	0.0	0.0	0.0	0.0	0.0	0.0	0.0	0.0	0.0	0.0	0.06	0.0	0.0	0.0	0.0	0.0	0.0	0.0	0.0
Root; d__Bacteria; p__Actinomycetota; c__Actinomycetes; o__Mycobacteriales; f__Geodermatophilaceae; g__Blastococcus	0.0	0.0	0.0	0.0	0.0	0.0	0.0	0.0	0.0	0.0	0.0	0.0	0.0	0.0	0.0	0.0	0.0	0.0	0.0	0.0	0.0	0.0	0.0	0.0	0.0	0.07	0.0	0.0	0.0	0.0	0.0	0.0	0.0	0.0
Root; d__Bacteria; p__Actinomycetota; c__CALGFH01; o__CALGFH01; f__CALGFH01; g__CALGFH01	0.0	0.0	0.0	0.0	0.0	0.0	0.0	0.0	0.0	0.0	0.0	0.0	0.0	0.0	0.0	0.0	0.0	0.0	0.0	0.0	0.0	0.0	0.0	0.0	0.0	0.11	0.0	0.0	0.0	0.0	0.0	0.0	0.0	0.0
Root; d__Bacteria; p__Acidobacteriota; c__Vicinamibacteria; o__Vicinamibacterales; f__UBA2999; g__Gp6-AA40	0.0	0.0	0.0	0.0	0.0	0.0	0.0	0.0	0.0	0.0	0.0	0.0	0.0	0.0	0.0	0.0	0.0	0.0	0.0	0.0	0.0	0.0	0.0	0.0	0.0	0.12	0.0	0.0	0.0	0.0	0.0	0.0	0.0	0.0
Root; d__Bacteria; p__Acidobacteriota; c__Vicinamibacteria; o__Vicinamibacterales; f__Vicinamibacteraceae; g__Luteitalea	0.0	0.0	0.0	0.0	0.0	0.0	0.0	0.0	0.0	0.0	0.0	0.0	0.0	0.0	0.0	0.0	0.0	0.0	0.0	0.0	0.0	0.0	0.0	0.0	0.0	0.06	0.0	0.0	0.0	0.0	0.0	0.0	0.0	0.0
Root; d__Bacteria; p__Pseudomonadota; c__Alphaproteobacteria; o__Micavibrionales; f__Micavibrionaceae; g__Micavibrio_A	0.0	0.0	0.0	0.0	0.0	0.0	0.0	0.0	0.0	0.0	0.0	0.0	0.0	0.0	0.0	0.0	0.0	0.0	0.0	0.0	0.0	0.0	0.0	0.0	0.0	0.0	0.08	0.0	0.0	0.0	0.0	0.0	0.0	0.0
Root; d__Bacteria; p__Pseudomonadota; c__Alphaproteobacteria; o__Sphingomonadales; f__Sphingomonadaceae; g__Rhizorhabdus	0.0	0.0	0.0	0.0	0.0	0.0	0.0	0.0	0.0	0.0	0.0	0.0	0.0	0.0	0.0	0.0	0.0	0.0	0.0	0.0	0.0	0.0	0.0	0.0	0.0	0.0	0.15	0.0	0.0	0.0	0.0	0.0	0.0	0.0
Root; d__Bacteria; p__Pseudomonadota; c__Alphaproteobacteria; o__Sphingomonadales; f__Sphingomonadaceae; g__Allosphingosinicella	0.0	0.0	0.0	0.0	0.0	0.0	0.0	0.0	0.0	0.0	0.0	0.0	0.0	0.0	0.0	0.0	0.0	0.0	0.0	0.0	0.0	0.0	0.0	0.0	0.0	0.0	0.04	0.0	0.0	0.0	0.0	0.0	0.0	0.0
Root; d__Bacteria; p__Pseudomonadota; c__Gammaproteobacteria; o__Burkholderiales; f__Methylophilaceae; g__Methylotenera	0.0	0.0	0.0	0.0	0.0	0.0	0.0	0.0	0.0	0.0	0.0	0.0	0.0	0.0	0.0	0.0	0.0	0.0	0.0	0.0	0.0	0.0	0.0	0.0	0.0	0.0	0.07	0.0	0.0	0.0	0.0	0.0	0.0	0.0
Root; d__Bacteria; p__Pseudomonadota; c__Gammaproteobacteria; o__Burkholderiales; f__Methylophilaceae; g__Methylotenera_A	0.0	0.0	0.0	0.0	0.0	0.0	0.0	0.0	0.0	0.0	0.0	0.0	0.0	0.0	0.0	0.0	0.0	0.0	0.0	0.0	0.0	0.0	0.0	0.0	0.0	0.0	0.05	0.0	0.0	0.0	0.0	0.0	0.0	0.0
Root; d__Bacteria; p__Patescibacteriota; c__Minisyncoccia; o__UBA9973; f__UBA2103; g__C7867-001	0.0	0.0	0.0	0.0	0.0	0.0	0.0	0.0	0.0	0.0	0.0	0.0	0.0	0.0	0.0	0.0	0.0	0.0	0.0	0.0	0.0	0.0	0.0	0.0	0.0	0.0	0.1	0.0	0.0	0.0	0.0	0.0	0.0	0.0
