KO,Metric,MeanImp,SpearmanRho,Pvalue,Description,Pathways,Modules,BRITE_L1,BRITE_L2,BRITE_L3,in_symbiont,symbiont_label
K14941,richness,3.4673619479281723,-0.6872,3.824e-5,"cofC, fbiD; 2-phospho-L-lactate/phosphoenolpyruvate guanylyltransferase [EC:2.7.7.68 2.7.7.105]",Methane metabolism; Metabolic pathways; Microbial metabolism in diverse environments; Biosynthesis of cofactors,"F420 biosynthesis, archaea",Metabolism,Energy metabolism,Methane metabolism,TRUE,Symbiont-encoded
K11212,richness,3.444235119565925,-0.665,8.31e-5,cofD; LPPG:FO 2-phospho-L-lactate transferase [EC:2.7.8.28],Methane metabolism; Metabolic pathways; Microbial metabolism in diverse environments; Biosynthesis of cofactors,"F420 biosynthesis, archaea",Metabolism,Energy metabolism,Methane metabolism,TRUE,Symbiont-encoded
K11779,richness,3.4075534708828505,-0.6677,7.576e-5,fbiC; FO synthase [EC:2.5.1.147 4.3.1.32],Methane metabolism; Metabolic pathways; Microbial metabolism in diverse environments,NA,Metabolism,Energy metabolism,Methane metabolism,TRUE,Symbiont-encoded
K03380,richness,3.327972019683194,-0.6949,2.872e-5,E1.14.13.7; phenol 2-monooxygenase (NADPH) [EC:1.14.13.7],Toluene degradation; Aminobenzoate degradation; Microbial metabolism in diverse environments,NA,Metabolism,Xenobiotics biodegradation and metabolism,Aminobenzoate degradation; Toluene degradation,TRUE,Symbiont-encoded
K06978,richness,2.9575961565856903,0.7926,2.979e-7,K06978; uncharacterized protein,NA,NA,Not Included in Pathway or Brite,Poorly characterized,Function unknown,TRUE,Symbiont-encoded
K13874,richness,2.9179218092806605,-0.7277,7.719e-6,araB; L-arabinonolactonase [EC:3.1.1.15],Ascorbate and aldarate metabolism; Metabolic pathways,NA,Metabolism,Carbohydrate metabolism,Ascorbate and aldarate metabolism,FALSE,Not in symbiont
K16319,richness,2.903929079215649,0.8111,9.508e-8,"andAc; anthranilate 1,2-dioxygenase large subunit [EC:1.14.12.1]",Aminobenzoate degradation; Metabolic pathways; Microbial metabolism in diverse environments,"Anthranilate degradation, anthranilate => catechol",Metabolism,Xenobiotics biodegradation and metabolism,Aminobenzoate degradation,TRUE,Symbiont-encoded
K23058,richness,2.896382403824165,0.7179,1.163e-5,K23058; putative lysine/arginine/ornithine/histidine/octopine transport system ATP-binding protein [EC:7.4.2.1],ABC transporters,NA,Environmental Information Processing; Brite Hierarchies,Membrane transport; Protein families: signaling and cellular processes,ABC transporters; Transporters,FALSE,Not in symbiont
K00320,richness,2.891273098869931,-0.7107,1.561e-5,"mer; 5,10-methylenetetrahydromethanopterin reductase [EC:1.5.98.2]",Methane metabolism; Metabolic pathways; Microbial metabolism in diverse environments; Carbon metabolism,"Methanogenesis, CO2 => methane",Metabolism,Energy metabolism,Methane metabolism,TRUE,Symbiont-encoded
K12234,richness,2.88863856927567,-0.6505,1.333e-4,cofE; coenzyme F420-0:L-glutamate ligase / coenzyme F420-1:gamma-L-glutamate ligase [EC:6.3.2.31 6.3.2.34],Methane metabolism; Metabolic pathways; Microbial metabolism in diverse environments; Biosynthesis of cofactors,"F420 biosynthesis, archaea",Metabolism,Energy metabolism,Methane metabolism,TRUE,Symbiont-encoded
K06988,richness,2.8153557104760254,-0.7923,3.023e-7,fno; 8-hydroxy-5-deazaflavin:NADPH oxidoreductase [EC:1.5.1.40],NA,NA,Not Included in Pathway or Brite,Unclassified: metabolism,Enzymes with EC numbers,TRUE,Symbiont-encoded
K20468,richness,2.737513635447933,0.2237,0.2433,K20468; putative heme transporter,NA,NA,Brite Hierarchies,Protein families: signaling and cellular processes,Transporters,FALSE,Not in symbiont
K20331,richness,2.6998825911358995,-0.7566,2.045e-6,toxA; toxoflavin synthase [EC:2.1.1.349],Quorum sensing,NA,Cellular Processes,Cellular community - prokaryotes,Quorum sensing,TRUE,Symbiont-encoded
K16347,richness,2.6910470108573046,0.7019,2.2e-5,ecnA; entericidin A,NA,NA,Brite Hierarchies,Protein families: signaling and cellular processes,Transporters,FALSE,Not in symbiont
K21138,richness,2.683416134332914,-0.7322,6.351e-6,"HDDC3; guanosine-3',5'-bis(diphosphate) 3'-pyrophosphohydrolase [EC:3.1.7.2]",Purine metabolism; Metabolic pathways,NA,Metabolism,Nucleotide metabolism,Purine metabolism,FALSE,Not in symbiont
K16090,richness,2.662168813286351,-0.7846,4.715e-7,fiu; catecholate siderophore receptor,NA,NA,Brite Hierarchies,Protein families: signaling and cellular processes,Transporters,TRUE,Symbiont-encoded
K09919,richness,2.6418448447686194,-0.7918,3.113e-7,K09919; uncharacterized protein,NA,NA,Not Included in Pathway or Brite,Poorly characterized,Function unknown,TRUE,Symbiont-encoded
K01130,richness,2.6341259784153435,0.7107,1.561e-5,"atsA, aslA; arylsulfatase [EC:3.1.6.1]",Sphingolipid metabolism; Metabolic pathways,NA,Metabolism,Lipid metabolism,Sphingolipid metabolism,TRUE,Symbiont-encoded
K00836,richness,2.6216491517903187,-0.7317,6.491e-6,"ectB, dat; diaminobutyrate-2-oxoglutarate transaminase [EC:2.6.1.76]","Glycine, serine and threonine metabolism; Biosynthesis of various siderophores; Metabolic pathways; Biosynthesis of secondary metabolites; Microbial metabolism in diverse environments; 2-Oxocarboxylic acid metabolism; Biosynthesis of amino acids","Ectoine biosynthesis, aspartate => ectoine; Schizokinen biosynthesis, glutamate => schizokinen",Metabolism; Brite Hierarchies,Amino acid metabolism; Biosynthesis of other secondary metabolites; Protein families: metabolism,"Glycine, serine and threonine metabolism; Biosynthesis of various siderophores; Amino acid related enzymes",TRUE,Symbiont-encoded
K23773,richness,2.5991233756918826,-0.7057,1.902e-5,"hdfR; LysR family transcriptional regulator, flagellar master operon regulator",NA,NA,Brite Hierarchies,Protein families: genetic information processing,Transcription factors,TRUE,Symbiont-encoded
K07056,richness,2.5957275761924983,-0.6133,4.038e-4,rsmI; 16S rRNA (cytidine1402-2'-O)-methyltransferase [EC:2.1.1.198],NA,NA,Brite Hierarchies,Protein families: genetic information processing,Ribosome biogenesis,TRUE,Symbiont-encoded
K09004,richness,2.5680435816395097,-0.5119,0.00453,K09004; uncharacterized protein,NA,NA,Not Included in Pathway or Brite,Poorly characterized,Function unknown,TRUE,Symbiont-encoded
K00507,richness,2.5649340742670694,-0.8585,2.582e-9,"SCD, desC; stearoyl-CoA desaturase (Delta-9 desaturase) [EC:1.14.19.1]",Biosynthesis of unsaturated fatty acids; Metabolic pathways; Fatty acid metabolism; PPAR signaling pathway; AMPK signaling pathway; Longevity regulating pathway - worm; Alcoholic liver disease,NA,Metabolism; Environmental Information Processing; Organismal Systems; Human Diseases; Brite Hierarchies,Lipid metabolism; Signal transduction; Endocrine system; Aging; Endocrine and metabolic disease; Protein families: metabolism,Biosynthesis of unsaturated fatty acids; AMPK signaling pathway; PPAR signaling pathway; Longevity regulating pathway - worm; Alcoholic liver disease; Lipid biosynthesis proteins,TRUE,Symbiont-encoded
K11910,richness,2.5545485711491875,-0.5723,0.001178,vasJ; type VI secretion system protein VasJ,NA,NA,Brite Hierarchies,Protein families: signaling and cellular processes,Secretion system,TRUE,Symbiont-encoded
K03599,richness,2.5373871829384997,0.7961,2.422e-7,"sspA, mglA; stringent starvation protein A",NA,NA,Brite Hierarchies,Protein families: genetic information processing; Protein families: signaling and cellular processes,Transcription machinery; Transporters,FALSE,Not in symbiont
K00656,richness,2.5300953689865504,0.5893,7.687e-4,"E2.3.1.54, pflD; formate C-acetyltransferase [EC:2.3.1.54]",Pyruvate metabolism; Propanoate metabolism; Butanoate metabolism; Metabolic pathways; Microbial metabolism in diverse environments,NA,Metabolism,Carbohydrate metabolism,Pyruvate metabolism; Propanoate metabolism; Butanoate metabolism,TRUE,Symbiont-encoded
K01821,richness,2.5063073144877954,-0.6058,4.965e-4,"praC, xylH; 4-oxalocrotonate tautomerase [EC:5.3.2.6]",Benzoate degradation; Dioxin degradation; Xylene degradation; Metabolic pathways; Microbial metabolism in diverse environments; Degradation of aromatic compounds,"Catechol meta-cleavage, catechol => acetyl-CoA / 4-methylcatechol => propanoyl-CoA",Metabolism,Xenobiotics biodegradation and metabolism,Benzoate degradation; Xylene degradation; Dioxin degradation,TRUE,Symbiont-encoded
K06212,richness,2.5016088012226816,0.6038,5.242e-4,focA; formate transporter,NA,NA,Brite Hierarchies,Protein families: signaling and cellular processes,Transporters,TRUE,Symbiont-encoded
K19222,richness,2.4854738084036585,-0.8148,7.43e-8,"menI, DHNAT; 1,4-dihydroxy-2-naphthoyl-CoA hydrolase [EC:3.1.2.28]",Ubiquinone and other terpenoid-quinone biosynthesis; Metabolic pathways; Biosynthesis of secondary metabolites; Biosynthesis of cofactors,"Menaquinone biosynthesis, chorismate (+ polyprenyl-PP) => menaquinol; Phylloquinone biosynthesis, chorismate (+ phytyl-PP) => phylloquinol",Metabolism,Metabolism of cofactors and vitamins,Ubiquinone and other terpenoid-quinone biosynthesis,TRUE,Symbiont-encoded
K13669,richness,2.4612909919354196,-0.5736,0.001142,"pimE; alpha-1,2-mannosyltransferase [EC:2.4.1.-]",Lipoarabinomannan (LAM) biosynthesis; Metabolic pathways,NA,Metabolism; Brite Hierarchies,Glycan biosynthesis and metabolism; Protein families: metabolism,Lipoarabinomannan (LAM) biosynthesis; Glycosyltransferases,FALSE,Not in symbiont
K03719,richness,2.363347836645039,-0.8333,2.02e-8,"lrp; Lrp/AsnC family transcriptional regulator, leucine-responsive regulatory protein",NA,NA,Brite Hierarchies,Protein families: genetic information processing,Transcription factors; Chromosome and associated proteins,TRUE,Symbiont-encoded
K00138,richness,2.3341599745269894,-0.6203,3.314e-4,aldB; aldehyde dehydrogenase [EC:1.2.1.-],Glycolysis / Gluconeogenesis; Pyruvate metabolism; Metabolic pathways; Biosynthesis of secondary metabolites; Microbial metabolism in diverse environments,NA,Metabolism,Carbohydrate metabolism,Glycolysis / Gluconeogenesis; Pyruvate metabolism,TRUE,Symbiont-encoded
K04033,richness,2.2898207204703365,-0.5718,0.001192,"eutR; AraC family transcriptional regulator, ethanolamine operon transcriptional activator",NA,NA,Brite Hierarchies,Protein families: genetic information processing,Transcription factors,TRUE,Symbiont-encoded
K11106,richness,2.2883935121315213,-0.3988,0.03212,ttdT; L-tartrate/succinate antiporter,NA,NA,Brite Hierarchies,Protein families: signaling and cellular processes,Transporters,TRUE,Symbiont-encoded
K19997,richness,2.2775607695017803,-0.4794,0.008497,gnu; GlcNAc-P-P-Und epimerase [EC:5.1.3.26],NA,NA,Brite Hierarchies,Protein families: metabolism,Lipopolysaccharide biosynthesis proteins,TRUE,Symbiont-encoded
K11932,richness,2.2492137349440435,-0.7292,7.236e-6,uspG; universal stress protein G,NA,NA,Not Included in Pathway or Brite,Unclassified: signaling and cellular processes,Signaling proteins,FALSE,Not in symbiont
K13671,richness,2.2317892685657705,-0.6535,1.211e-4,"K13671; alpha-1,2-mannosyltransferase [EC:2.4.1.-]",Lipoarabinomannan (LAM) biosynthesis,NA,Metabolism; Brite Hierarchies,Glycan biosynthesis and metabolism; Protein families: metabolism,Lipoarabinomannan (LAM) biosynthesis; Glycosyltransferases,FALSE,Not in symbiont
K21137,richness,2.2104003373979366,-0.0192,0.9211,"triB; membrane fusion protein, multidrug efflux system",NA,NA,Brite Hierarchies,Protein families: signaling and cellular processes,Transporters,TRUE,Symbiont-encoded
K21185,richness,2.198920836568552,-0.4462,0.01525,"sgcE6, mdpE6, kedE6; flavin reductase",Biosynthesis of enediyne antibiotics; Metabolic pathways; Biosynthesis of secondary metabolites,"C-1027 beta-amino acid moiety biosynthesis, tyrosine => 3-chloro-4,5-dihydroxy-beta-phenylalanyl-PCP; Kedarcidin 2-aza-3-chloro-beta-tyrosine moiety biosynthesis, azatyrosine => 2-aza-3-chloro-beta-tyrosyl-PCP",Metabolism; Brite Hierarchies,Metabolism of terpenoids and polyketides; Protein families: metabolism,Biosynthesis of enediyne antibiotics; Polyketide biosynthesis proteins,TRUE,Symbiont-encoded
K06991,richness,2.190518306119198,0.6028,5.386e-4,K06991; uncharacterized protein,NA,NA,Not Included in Pathway or Brite,Poorly characterized,Function unknown,TRUE,Symbiont-encoded
K21136,richness,2.184000514294773,0.0564,0.7712,"triA; membrane fusion protein, multidrug efflux system",NA,NA,Brite Hierarchies,Protein families: signaling and cellular processes,Transporters,TRUE,Symbiont-encoded
K08691,richness,2.165383075356847,-0.474,0.009396,mcl; malyl-CoA/(S)-citramalyl-CoA lyase [EC:4.1.3.24 4.1.3.25],Glyoxylate and dicarboxylate metabolism; C5-Branched dibasic acid metabolism; Methane metabolism; Other carbon fixation pathways; Metabolic pathways; Microbial metabolism in diverse environments; Carbon metabolism,"Formaldehyde assimilation, serine pathway; Ethylmalonyl pathway; 3-Hydroxypropionate bi-cycle",Metabolism,Carbohydrate metabolism; Energy metabolism,Glyoxylate and dicarboxylate metabolism; C5-Branched dibasic acid metabolism; Other carbon fixation pathways; Methane metabolism,FALSE,Not in symbiont
K05770,richness,2.164210856529042,-0.5609,0.001552,"TSPO, BZRP; translocator protein",Neuroactive ligand-receptor interaction; Apoptosis - fly; Cholesterol metabolism; Human T-cell leukemia virus 1 infection,NA,Environmental Information Processing; Cellular Processes; Organismal Systems; Human Diseases; Brite Hierarchies,Signaling molecules and interaction; Cell growth and death; Digestive system; Infectious disease: viral; Protein families: signaling and cellular processes,Neuroactive ligand-receptor interaction; Apoptosis - fly; Cholesterol metabolism; Human T-cell leukemia virus 1 infection; Transporters,TRUE,Symbiont-encoded
K05814,richness,2.1612225875759368,-0.8573,2.884e-9,ugpA; sn-glycerol 3-phosphate transport system permease protein,ABC transporters,NA,Environmental Information Processing; Brite Hierarchies,Membrane transport; Protein families: signaling and cellular processes,ABC transporters; Transporters,TRUE,Symbiont-encoded
K05815,richness,2.144303384959174,-0.8603,2.207e-9,ugpE; sn-glycerol 3-phosphate transport system permease protein,ABC transporters,NA,Environmental Information Processing; Brite Hierarchies,Membrane transport; Protein families: signaling and cellular processes,ABC transporters; Transporters,TRUE,Symbiont-encoded
K18702,richness,2.1399390951648916,-0.5851,8.571e-4,uctC; CoA:oxalate CoA-transferase [EC:2.8.3.19],NA,NA,Not Included in Pathway or Brite,Unclassified: metabolism,Enzymes with EC numbers,TRUE,Symbiont-encoded
K00455,richness,2.1381175971092055,-0.4755,0.009143,"hpaD, hpcB; 3,4-dihydroxyphenylacetate 2,3-dioxygenase [EC:1.13.11.15]",Tyrosine metabolism; Metabolic pathways; Microbial metabolism in diverse environments; Degradation of aromatic compounds,"Homoprotocatechuate degradation, homoprotocatechuate => 2-oxohept-3-enedioate",Metabolism,Amino acid metabolism,Tyrosine metabolism,TRUE,Symbiont-encoded
K01674,richness,2.1330540332709154,-0.5152,0.00424,cah; carbonic anhydrase [EC:4.2.1.1],Nitrogen metabolism; Metabolic pathways,NA,Metabolism,Energy metabolism,Nitrogen metabolism,TRUE,Symbiont-encoded
K21747,richness,2.1302647045329053,0.5833,8.96e-4,"alkR; AraC family transcriptional regulator, alkane utilization regulator",NA,NA,Brite Hierarchies,Protein families: genetic information processing,Transcription factors,FALSE,Not in symbiont
K10254,richness,2.1197041535717425,-0.4884,0.007181,"ohyA, sph; oleate hydratase [EC:4.2.1.53]",NA,NA,Not Included in Pathway or Brite,Unclassified: metabolism,Enzymes with EC numbers,TRUE,Symbiont-encoded
K02554,richness,2.1112379027883534,-0.7586,1.853e-6,mhpD; 2-keto-4-pentenoate hydratase [EC:4.2.1.80],Phenylalanine metabolism; Benzoate degradation; Dioxin degradation; Xylene degradation; Metabolic pathways; Microbial metabolism in diverse environments; Degradation of aromatic compounds,"Trans-cinnamate degradation, trans-cinnamate => acetyl-CoA; Catechol meta-cleavage, catechol => acetyl-CoA / 4-methylcatechol => propanoyl-CoA",Metabolism,Amino acid metabolism; Xenobiotics biodegradation and metabolism,Phenylalanine metabolism; Benzoate degradation; Xylene degradation; Dioxin degradation,TRUE,Symbiont-encoded
K18910,richness,2.108886891451368,0.4622,0.01159,"dpe, lre; D-psicose/D-tagatose/L-ribulose 3-epimerase [EC:5.1.3.30 5.1.3.31]",NA,NA,Not Included in Pathway or Brite,Unclassified: metabolism,Enzymes with EC numbers,TRUE,Symbiont-encoded
K20272,richness,2.09247433634305,-0.5763,0.001067,traM; TraR antiactivator,Quorum sensing,NA,Cellular Processes,Cellular community - prokaryotes,Quorum sensing,FALSE,Not in symbiont
K07167,richness,2.0743938244719433,-0.6265,2.767e-4,chrR; putative transcriptional regulator,NA,NA,Not Included in Pathway or Brite,Unclassified: signaling and cellular processes,Signaling proteins,TRUE,Symbiont-encoded
K01611,richness,2.055759554606176,-0.6959,2.766e-5,"speD, AMD1; S-adenosylmethionine decarboxylase [EC:4.1.1.50]",Cysteine and methionine metabolism; Arginine and proline metabolism; Metabolic pathways; Biosynthesis of secondary metabolites,"Methionine salvage pathway; Polyamine biosynthesis, arginine => agmatine => putrescine => spermidine",Metabolism,Amino acid metabolism,Cysteine and methionine metabolism; Arginine and proline metabolism,TRUE,Symbiont-encoded
K18320,richness,2.0551666719945634,0.6507,1.322e-4,"IS15, IS26; transposase, IS6 family",NA,NA,Not Included in Pathway or Brite,Unclassified: genetic information processing,Replication and repair,FALSE,Not in symbiont
K03723,richness,2.055025750021932,-0.6912,3.302e-5,mfd; transcription-repair coupling factor (superfamily II helicase) [EC:5.6.2.4],Nucleotide excision repair,NA,Genetic Information Processing; Brite Hierarchies,Replication and repair; Protein families: genetic information processing,Nucleotide excision repair; DNA repair and recombination proteins,TRUE,Symbiont-encoded
K21990,richness,2.0458696919290165,-0.4912,0.006815,yfdC; formate-nitrite transporter family protein,NA,NA,Not Included in Pathway or Brite,Unclassified: signaling and cellular processes,Transport,FALSE,Not in symbiont
K00285,richness,2.0458523576657703,-0.853,4.173e-9,dadA; D-amino-acid dehydrogenase [EC:1.4.5.1],Phenylalanine metabolism; D-Amino acid metabolism; Metabolic pathways,NA,Metabolism,Amino acid metabolism; Metabolism of other amino acids,Phenylalanine metabolism; D-Amino acid metabolism,TRUE,Symbiont-encoded
K09779,richness,2.0290355629205705,-0.2764,0.1466,K09779; uncharacterized protein,NA,NA,Not Included in Pathway or Brite,Poorly characterized,Function unknown,TRUE,Symbiont-encoded
K01046,richness,2.0201050858552163,0.7202,1.06e-5,"lip, TGL2; triacylglycerol lipase [EC:3.1.1.3]",Glycerolipid metabolism; Metabolic pathways; Biosynthesis of secondary metabolites,Acylglycerol degradation,Metabolism,Lipid metabolism,Glycerolipid metabolism,TRUE,Symbiont-encoded
K01669,richness,2.019864372732699,-0.5561,0.001734,"phr, PHR1; deoxyribodipyrimidine photo-lyase [EC:4.1.99.3]",NA,NA,Brite Hierarchies,Protein families: genetic information processing,DNA repair and recombination proteins,TRUE,Symbiont-encoded
K13444,richness,2.018118579945044,-0.8318,2.258e-8,"SUMF1, FGE; formylglycine-generating enzyme [EC:1.8.3.7]",Lysosome,NA,Cellular Processes,Transport and catabolism,Lysosome,TRUE,Symbiont-encoded
K03381,richness,2.007223404494189,-0.2937,0.1221,"catA; catechol 1,2-dioxygenase [EC:1.13.11.1]",Chlorocyclohexane and chlorobenzene degradation; Benzoate degradation; Fluorobenzoate degradation; Toluene degradation; Metabolic pathways; Microbial metabolism in diverse environments; Degradation of aromatic compounds,"Catechol ortho-cleavage, catechol => 3-oxoadipate",Metabolism,Xenobiotics biodegradation and metabolism,Benzoate degradation; Fluorobenzoate degradation; Chlorocyclohexane and chlorobenzene degradation; Toluene degradation,FALSE,Not in symbiont
K05777,richness,2.0071054630949456,0.7314,6.563e-6,ynjB; putative thiamine transport system substrate-binding protein,NA,NA,Brite Hierarchies,Protein families: signaling and cellular processes,Transporters,FALSE,Not in symbiont
K21001,richness,2.00041307205945,-0.4525,0.01372,pslH; polysaccharide biosynthesis protein PslH,Exopolysaccharide biosynthesis; Biofilm formation - Pseudomonas aeruginosa,NA,Metabolism; Cellular Processes; Brite Hierarchies,Glycan biosynthesis and metabolism; Cellular community - prokaryotes; Protein families: metabolism,Exopolysaccharide biosynthesis; Biofilm formation - Pseudomonas aeruginosa; Glycosyltransferases,FALSE,Not in symbiont
K13075,richness,1.986029363654355,-0.5923,7.112e-4,"ahlD, aiiA, attM, blcC; N-acyl homoserine lactone hydrolase [EC:3.1.1.81]",Quorum sensing,NA,Cellular Processes,Cellular community - prokaryotes,Quorum sensing,TRUE,Symbiont-encoded
K21377,richness,1.9792311701402154,0.1815,0.3459,aziB2; 3-hydroxy-5-methyl-1-naphthoate 3-O-methyltransferase [EC:2.1.1.302],NA,NA,Not Included in Pathway or Brite,Unclassified: metabolism,Enzymes with EC numbers,TRUE,Symbiont-encoded
K18029,richness,1.9744087877541447,-0.3983,0.03236,nicA; nicotinate dehydrogenase subunit A [EC:1.17.2.1],Nicotinate and nicotinamide metabolism; Metabolic pathways; Microbial metabolism in diverse environments,"Nicotinate degradation, nicotinate => fumarate",Metabolism,Metabolism of cofactors and vitamins,Nicotinate and nicotinamide metabolism,TRUE,Symbiont-encoded
K22736,richness,1.9698088426605438,-0.2979,0.1165,VIT; vacuolar iron transporter family protein,NA,NA,Brite Hierarchies,Protein families: signaling and cellular processes,Transporters,FALSE,Not in symbiont
K09992,richness,1.9646607887197092,-0.4542,0.01331,K09992; uncharacterized protein,NA,NA,Not Included in Pathway or Brite,Poorly characterized,Function unknown,TRUE,Symbiont-encoded
K23777,richness,1.964338678102977,0.6917,3.241e-5,"cecR; TetR/AcrR family transcriptional regulator, regulator of cefoperazone and chloramphenicol sensitivity",NA,NA,Brite Hierarchies,Protein families: genetic information processing,Transcription factors,TRUE,Symbiont-encoded
K00259,richness,1.9629701969997841,-0.7621,1.557e-6,ald; alanine dehydrogenase [EC:1.4.1.1],"Alanine, aspartate and glutamate metabolism; Taurine and hypotaurine metabolism; Metabolic pathways",NA,Metabolism,Amino acid metabolism; Metabolism of other amino acids,"Alanine, aspartate and glutamate metabolism; Taurine and hypotaurine metabolism",TRUE,Symbiont-encoded
K00639,richness,1.9589414764978923,-0.5301,0.003096,"kbl, GCAT; glycine C-acetyltransferase [EC:2.3.1.29]","Glycine, serine and threonine metabolism; Metabolic pathways",NA,Metabolism; Brite Hierarchies,Amino acid metabolism; Protein families: metabolism,"Glycine, serine and threonine metabolism; Amino acid related enzymes",TRUE,Symbiont-encoded
K24012,richness,1.9546792719633326,-0.6428,1.699e-4,acdAB; acetate---CoA ligase (ADP-forming) [EC:6.2.1.13],Glycolysis / Gluconeogenesis; Pyruvate metabolism; Propanoate metabolism; Metabolic pathways; Microbial metabolism in diverse environments,NA,Metabolism; Brite Hierarchies,Carbohydrate metabolism; Protein families: metabolism,Glycolysis / Gluconeogenesis; Pyruvate metabolism; Propanoate metabolism; Lipid biosynthesis proteins,TRUE,Symbiont-encoded
K08177,richness,1.9476986754905605,-0.8495,5.608e-9,"oxlT; MFS transporter, OFA family, oxalate/formate antiporter",Two-component system,NA,Environmental Information Processing; Brite Hierarchies,Signal transduction; Protein families: signaling and cellular processes,Two-component system; Transporters,TRUE,Symbiont-encoded
K22077,richness,1.9459357819890784,-0.2752,0.1485,GDAP1; ganglioside-induced differentiation-associated protein 1,NA,NA,Brite Hierarchies,Protein families: genetic information processing,Mitochondrial biogenesis,FALSE,Not in symbiont
K03530,richness,1.9454881695130186,-0.8171,6.391e-8,hupB; DNA-binding protein HU-beta,NA,NA,Brite Hierarchies,Protein families: genetic information processing,DNA replication proteins; Chromosome and associated proteins; DNA repair and recombination proteins,TRUE,Symbiont-encoded
K01433,richness,1.9446360197305983,-0.7961,2.422e-7,purU; formyltetrahydrofolate deformylase [EC:3.5.1.10],Glyoxylate and dicarboxylate metabolism; One carbon pool by folate; Metabolic pathways,NA,Metabolism,Carbohydrate metabolism; Metabolism of cofactors and vitamins,Glyoxylate and dicarboxylate metabolism; One carbon pool by folate,TRUE,Symbiont-encoded
K17330,richness,1.9440910218007925,0.3012,0.1124,"dasB; N,N'-diacetylchitobiose transport system permease protein",ABC transporters,NA,Environmental Information Processing; Brite Hierarchies,Membrane transport; Protein families: signaling and cellular processes,ABC transporters; Transporters,FALSE,Not in symbiont
K24126,richness,1.9429205149257092,-0.6737,6.171e-5,ahpC; lipoyl-dependent peroxiredoxin subunit C [EC:1.11.1.28],NA,NA,Not Included in Pathway or Brite,Unclassified: metabolism,Enzymes with EC numbers,TRUE,Symbiont-encoded
K02486,richness,1.9404570176023366,-0.7506,2.731e-6,"K02486; two-component system, sensor kinase [EC:2.7.13.3]",NA,NA,Brite Hierarchies,Protein families: metabolism; Protein families: signaling and cellular processes,Protein kinases; Two-component system,FALSE,Not in symbiont
K07461,richness,1.9275438255598256,-0.6675,7.64e-5,K07461; putative endonuclease,NA,NA,Not Included in Pathway or Brite,Unclassified: genetic information processing,Replication and repair,TRUE,Symbiont-encoded
K07275,richness,1.9225931104575391,-0.3998,0.03165,ompW; outer membrane protein,NA,NA,Not Included in Pathway or Brite,Unclassified: signaling and cellular processes,Structural proteins,TRUE,Symbiont-encoded
K06148,richness,1.910230298356226,0.3409,0.07038,"ABCC-BAC; ATP-binding cassette, subfamily C, bacterial",NA,NA,Brite Hierarchies,Protein families: signaling and cellular processes,Transporters,FALSE,Not in symbiont
K02408,richness,1.909479501180881,-0.842,1.031e-8,fliE; flagellar hook-basal body complex protein FliE,Flagellar assembly,NA,Cellular Processes; Brite Hierarchies,Cell motility; Protein families: signaling and cellular processes,Flagellar assembly; Bacterial motility proteins,TRUE,Symbiont-encoded
K21062,richness,1.908381285391648,-0.6992,2.445e-5,lhpC; 1-pyrroline-4-hydroxy-2-carboxylate deaminase [EC:3.5.4.22],D-Amino acid metabolism; Metabolic pathways,"Hydroxyproline degradation, trans-4-hydroxy-L-proline => 2-oxoglutarate",Metabolism,Metabolism of other amino acids,D-Amino acid metabolism,TRUE,Symbiont-encoded
K07636,richness,1.902829718148973,-0.6702,6.959e-5,"phoR; two-component system, OmpR family, phosphate regulon sensor histidine kinase PhoR [EC:2.7.13.3]",Two-component system,NA,Environmental Information Processing; Brite Hierarchies,Signal transduction; Protein families: metabolism; Protein families: signaling and cellular processes,Two-component system; Protein kinases,TRUE,Symbiont-encoded
K01563,richness,1.8925832538714513,-0.2672,0.1612,dhaA; haloalkane dehalogenase [EC:3.8.1.5],Chlorocyclohexane and chlorobenzene degradation; Chloroalkane and chloroalkene degradation; Metabolic pathways; Microbial metabolism in diverse environments,NA,Metabolism,Xenobiotics biodegradation and metabolism,Chloroalkane and chloroalkene degradation; Chlorocyclohexane and chlorobenzene degradation,TRUE,Symbiont-encoded
K01179,richness,1.890792274652593,-0.6842,4.262e-5,E3.2.1.4; endoglucanase [EC:3.2.1.4],Starch and sucrose metabolism; Metabolic pathways; Two-component system,NA,Metabolism; Environmental Information Processing,Carbohydrate metabolism; Signal transduction,Starch and sucrose metabolism; Two-component system,TRUE,Symbiont-encoded
K03315,richness,1.889676971868875,0.8008,1.816e-7,"nhaC; Na+:H+ antiporter, NhaC family",NA,NA,Brite Hierarchies,Protein families: signaling and cellular processes,Transporters,FALSE,Not in symbiont
K22369,richness,1.8865183935085499,-0.3069,0.1054,EPHX4; epoxide hydrolase 4 [EC:3.3.-.-],Chemical carcinogenesis - receptor activation; Chemical carcinogenesis - reactive oxygen species,NA,Human Diseases; Brite Hierarchies,Cancer: overview; Protein families: metabolism,Chemical carcinogenesis - receptor activation; Chemical carcinogenesis - reactive oxygen species; Peptidases and inhibitors,TRUE,Symbiont-encoded
K07502,richness,1.88408496243889,0.4003,0.03142,yprB; uncharacterized protein,NA,NA,Not Included in Pathway or Brite,Poorly characterized,Function unknown,FALSE,Not in symbiont
K10236,richness,1.877327410495786,0.4725,0.009655,"thuE, lpqY; trehalose/maltose transport system substrate-binding protein",ABC transporters,NA,Environmental Information Processing; Brite Hierarchies,Membrane transport; Protein families: signaling and cellular processes,ABC transporters; Transporters,FALSE,Not in symbiont
K05343,richness,1.876967161029175,-0.8201,5.212e-8,treS; maltose alpha-D-glucosyltransferase / alpha-amylase [EC:5.4.99.16 3.2.1.1],Starch and sucrose metabolism; Metabolic pathways; Biosynthesis of secondary metabolites,NA,Metabolism,Carbohydrate metabolism,Starch and sucrose metabolism,TRUE,Symbiont-encoded
K00126,richness,1.87312155086813,-0.6635,8.737e-5,fdsD; formate dehydrogenase subunit delta [EC:1.17.1.9],Glyoxylate and dicarboxylate metabolism; Methane metabolism; Metabolic pathways; Microbial metabolism in diverse environments; Carbon metabolism,NA,Metabolism,Carbohydrate metabolism; Energy metabolism,Glyoxylate and dicarboxylate metabolism; Methane metabolism,TRUE,Symbiont-encoded
K01621,richness,1.870788052846627,-0.7019,2.2e-5,"xfp, xpk; xylulose-5-phosphate/fructose-6-phosphate phosphoketolase [EC:4.1.2.9 4.1.2.22]",Pentose phosphate pathway; Microbial metabolism in diverse environments,NA,Metabolism,Carbohydrate metabolism,Pentose phosphate pathway,TRUE,Symbiont-encoded
K12434,richness,1.870503323784556,0.2942,0.1214,pks7; polyketide synthase 7,NA,NA,Brite Hierarchies,Protein families: metabolism,Lipid biosynthesis proteins,FALSE,Not in symbiont
K09805,richness,1.8598072623777098,-0.4335,0.01881,K09805; uncharacterized protein,NA,NA,Not Included in Pathway or Brite,Poorly characterized,Function unknown,TRUE,Symbiont-encoded
K07489,richness,1.8419715882941539,0.3553,0.05854,K07489; transposase,NA,NA,Not Included in Pathway or Brite,Unclassified: genetic information processing,Replication and repair,FALSE,Not in symbiont
K18982,richness,1.839707207384604,0.3533,0.06007,gli; D-galactarolactone isomerase [EC:5.4.1.4],Ascorbate and aldarate metabolism; Metabolic pathways,NA,Metabolism,Carbohydrate metabolism,Ascorbate and aldarate metabolism,FALSE,Not in symbiont
K05793,richness,1.8282899094883318,-0.7389,4.706e-6,terB; tellurite resistance protein TerB,NA,NA,Not Included in Pathway or Brite,Unclassified: signaling and cellular processes,Others,FALSE,Not in symbiont
K09964,richness,1.8208670572903671,-0.4837,0.007852,K09964; uncharacterized protein,NA,NA,Not Included in Pathway or Brite,Poorly characterized,Function unknown,TRUE,Symbiont-encoded
K21405,richness,1.81295439853573,-0.6083,4.638e-4,"acoR; sigma-54 dependent transcriptional regulator, acetoin dehydrogenase operon transcriptional activator AcoR",NA,NA,Brite Hierarchies,Protein families: genetic information processing,Transcription factors,TRUE,Symbiont-encoded
K03457,richness,1.7323214739155197,-0.1748,0.3644,"TC.NCS1; nucleobase:cation symporter-1, NCS1 family",NA,NA,Not Included in Pathway or Brite,Unclassified: signaling and cellular processes,Transport,TRUE,Symbiont-encoded
K14447,shannon,4.068817212436825,0.7463,3.349e-6,ecm; ethylmalonyl-CoA mutase [EC:5.4.99.63],Glyoxylate and dicarboxylate metabolism; Metabolic pathways; Microbial metabolism in diverse environments; Carbon metabolism,Ethylmalonyl pathway,Metabolism,Carbohydrate metabolism,Glyoxylate and dicarboxylate metabolism,FALSE,Not in symbiont
K03286,shannon,3.510326286515416,-0.7665,1.246e-6,"TC.OOP; OmpA-OmpF porin, OOP family",NA,NA,Brite Hierarchies,Protein families: signaling and cellular processes,Transporters,TRUE,Symbiont-encoded
K01821,shannon,3.4538530474527844,-0.7118,1.491e-5,"praC, xylH; 4-oxalocrotonate tautomerase [EC:5.3.2.6]",Benzoate degradation; Dioxin degradation; Xylene degradation; Metabolic pathways; Microbial metabolism in diverse environments; Degradation of aromatic compounds,"Catechol meta-cleavage, catechol => acetyl-CoA / 4-methylcatechol => propanoyl-CoA",Metabolism,Xenobiotics biodegradation and metabolism,Benzoate degradation; Xylene degradation; Dioxin degradation,TRUE,Symbiont-encoded
K20468,shannon,3.414609368639909,0.4754,0.009157,K20468; putative heme transporter,NA,NA,Brite Hierarchies,Protein families: signaling and cellular processes,Transporters,FALSE,Not in symbiont
K11910,shannon,3.4004607570004404,-0.6611,9.46e-5,vasJ; type VI secretion system protein VasJ,NA,NA,Brite Hierarchies,Protein families: signaling and cellular processes,Secretion system,TRUE,Symbiont-encoded
K07056,shannon,3.3881705405577773,-0.7576,1.946e-6,rsmI; 16S rRNA (cytidine1402-2'-O)-methyltransferase [EC:2.1.1.198],NA,NA,Brite Hierarchies,Protein families: genetic information processing,Ribosome biogenesis,TRUE,Symbiont-encoded
K09017,shannon,3.2558352391687744,-0.7975,2.219e-7,rutR; TetR/AcrR family transcriptional regulator,NA,NA,Brite Hierarchies,Protein families: genetic information processing,Transcription factors,TRUE,Symbiont-encoded
K24108,shannon,3.200186147657259,0.4596,0.01213,asbA; spermidine-citrate ligase [EC:6.3.2.-],Biosynthesis of various siderophores; Metabolic pathways; Biosynthesis of secondary metabolites,"Petrobactin biosynthesis, spermidine => petrobactin",Metabolism,Biosynthesis of other secondary metabolites,Biosynthesis of various siderophores,FALSE,Not in symbiont
K03320,shannon,3.199629832163951,-0.8163,6.745e-8,"amt, AMT, MEP; ammonium transporter, Amt family",NA,NA,Brite Hierarchies,Protein families: signaling and cellular processes,Transporters,TRUE,Symbiont-encoded
K08264,shannon,3.155677819006748,-0.4571,0.01266,hdrD; heterodisulfide reductase subunit D [EC:1.8.98.1],Methane metabolism; Metabolic pathways; Microbial metabolism in diverse environments; Carbon metabolism,"Methanogenesis, methanol => methane; Methanogenesis, acetate => methane; Methanogenesis, methylamine/dimethylamine/trimethylamine => methane; Methanogenesis, CO2 => methane",Metabolism,Energy metabolism,Methane metabolism,FALSE,Not in symbiont
K22373,shannon,3.1210746866888184,0.7212,1.016e-5,larA; lactate racemase [EC:5.1.2.1],Pyruvate metabolism; Metabolic pathways,NA,Metabolism,Carbohydrate metabolism,Pyruvate metabolism,FALSE,Not in symbiont
K00316,shannon,3.078766032345871,0.7015,2.24e-5,spdH; spermidine dehydrogenase [EC:1.5.99.6],Arginine and proline metabolism; beta-Alanine metabolism; Metabolic pathways,NA,Metabolism,Amino acid metabolism; Metabolism of other amino acids,Arginine and proline metabolism; beta-Alanine metabolism,FALSE,Not in symbiont
K16347,shannon,3.0664087458552234,0.5172,0.004061,ecnA; entericidin A,NA,NA,Brite Hierarchies,Protein families: signaling and cellular processes,Transporters,FALSE,Not in symbiont
K14986,shannon,3.00839848403845,-0.7158,1.271e-5,"fixL; two-component system, LuxR family, sensor kinase FixL [EC:2.7.13.3]",Two-component system,NA,Environmental Information Processing; Brite Hierarchies,Signal transduction; Protein families: metabolism; Protein families: signaling and cellular processes,Two-component system; Protein kinases,TRUE,Symbiont-encoded
K06988,shannon,2.9998658654485246,-0.5433,0.002318,fno; 8-hydroxy-5-deazaflavin:NADPH oxidoreductase [EC:1.5.1.40],NA,NA,Not Included in Pathway or Brite,Unclassified: metabolism,Enzymes with EC numbers,TRUE,Symbiont-encoded
K22589,shannon,2.9892523878925856,0.0099,0.9595,thadh; threo-3-hydroxy-L-aspartate ammonia-lyase [EC:4.3.1.16],NA,NA,Not Included in Pathway or Brite,Unclassified: metabolism,Enzymes with EC numbers,FALSE,Not in symbiont
K03769,shannon,2.9756045422391892,-0.77,1.042e-6,ppiC; peptidyl-prolyl cis-trans isomerase C [EC:5.2.1.8],NA,NA,Brite Hierarchies,Protein families: genetic information processing,Chaperones and folding catalysts,TRUE,Symbiont-encoded
K02014,shannon,2.9583988418317104,-0.7507,2.717e-6,TC.FEV.OM; iron complex outermembrane recepter protein,NA,NA,Brite Hierarchies,Protein families: signaling and cellular processes,Transporters,TRUE,Symbiont-encoded
K01868,shannon,2.9241393121409094,-0.736,5.368e-6,"TARS, thrS; threonyl-tRNA synthetase [EC:6.1.1.3]",Aminoacyl-tRNA biosynthesis,NA,Genetic Information Processing; Brite Hierarchies,Translation; Protein families: metabolism; Protein families: genetic information processing,Aminoacyl-tRNA biosynthesis; Amino acid related enzymes; Transfer RNA biogenesis,TRUE,Symbiont-encoded
K04752,shannon,2.9076248725715725,-0.7759,7.621e-7,glnK; nitrogen regulatory protein P-II 2,NA,NA,Not Included in Pathway or Brite,Unclassified: genetic information processing,Transcription,TRUE,Symbiont-encoded
K09004,shannon,2.888728234876619,-0.6271,2.721e-4,K09004; uncharacterized protein,NA,NA,Not Included in Pathway or Brite,Poorly characterized,Function unknown,TRUE,Symbiont-encoded
K18029,shannon,2.872640146016518,-0.7424,4.019e-6,nicA; nicotinate dehydrogenase subunit A [EC:1.17.2.1],Nicotinate and nicotinamide metabolism; Metabolic pathways; Microbial metabolism in diverse environments,"Nicotinate degradation, nicotinate => fumarate",Metabolism,Metabolism of cofactors and vitamins,Nicotinate and nicotinamide metabolism,TRUE,Symbiont-encoded
K10716,shannon,2.773093788205201,-0.7498,2.847e-6,"kch, trkA, mthK, pch; voltage-gated potassium channel",NA,NA,Brite Hierarchies,Protein families: signaling and cellular processes,Transporters,TRUE,Symbiont-encoded
K01805,shannon,2.7111840743329263,-0.7335,5.987e-6,xylA; xylose isomerase [EC:5.3.1.5],Pentose and glucuronate interconversions; Fructose and mannose metabolism; Metabolic pathways,NA,Metabolism,Carbohydrate metabolism,Pentose and glucuronate interconversions; Fructose and mannose metabolism,TRUE,Symbiont-encoded
K02056,shannon,2.6968901065016517,-0.7631,1.485e-6,ABC.SS.A; simple sugar transport system ATP-binding protein [EC:7.5.2.-],NA,NA,Brite Hierarchies,Protein families: signaling and cellular processes,Transporters,TRUE,Symbiont-encoded
K10778,shannon,2.672315191272999,-0.6759,5.729e-5,"ada; AraC family transcriptional regulator, regulatory protein of adaptative response / methylated-DNA-[protein]-cysteine methyltransferase [EC:2.1.1.63]",NA,NA,Brite Hierarchies,Protein families: genetic information processing,Transcription factors; DNA repair and recombination proteins,TRUE,Symbiont-encoded
K00789,shannon,2.6635024146501385,-0.7424,4.019e-6,"metK, MAT; S-adenosylmethionine synthetase [EC:2.5.1.6]",Cysteine and methionine metabolism; One carbon pool by folate; Biosynthesis of various plant secondary metabolites; Metabolic pathways; Biosynthesis of secondary metabolites; Biosynthesis of amino acids; Biosynthesis of cofactors,"Methionine salvage pathway; Methionine degradation; Ethylene biosynthesis, methionine => ethylene; Cysteine biosynthesis, methionine => cysteine; Mugineic acid biosynthesis, methionine => 3-epihydroxymugineic acid",Metabolism,Amino acid metabolism; Metabolism of cofactors and vitamins; Biosynthesis of other secondary metabolites,Cysteine and methionine metabolism; One carbon pool by folate; Biosynthesis of various plant secondary metabolites,TRUE,Symbiont-encoded
K14520,shannon,2.602033376917399,-0.6764,5.631e-5,hapE; 4-hydroxyacetophenone monooxygenase [EC:1.14.13.84],Bisphenol degradation; Metabolic pathways; Microbial metabolism in diverse environments,NA,Metabolism,Xenobiotics biodegradation and metabolism,Bisphenol degradation,TRUE,Symbiont-encoded
K03670,shannon,2.559571584531713,-0.6916,3.25e-5,mdoG; periplasmic glucans biosynthesis protein,NA,NA,Not Included in Pathway or Brite,Unclassified: signaling and cellular processes,Others,TRUE,Symbiont-encoded
K01259,shannon,2.558566895496913,-0.7714,9.648e-7,pip; proline iminopeptidase [EC:3.4.11.5],Arginine and proline metabolism; Metabolic pathways,NA,Metabolism; Brite Hierarchies,Amino acid metabolism; Protein families: metabolism,Arginine and proline metabolism; Peptidases and inhibitors,TRUE,Symbiont-encoded
K07304,shannon,2.5585542799048477,-0.7414,4.204e-6,msrA; peptide-methionine (S)-S-oxide reductase [EC:1.8.4.11],NA,NA,Not Included in Pathway or Brite,Unclassified: metabolism,Enzymes with EC numbers,TRUE,Symbiont-encoded
K03523,shannon,2.5306017886810594,-0.7473,3.198e-6,bioY; biotin transport system substrate-specific component,ABC transporters,NA,Environmental Information Processing; Brite Hierarchies,Membrane transport; Protein families: signaling and cellular processes,ABC transporters; Transporters,TRUE,Symbiont-encoded
K01118,shannon,2.5303538900112796,-0.7241,8.969e-6,"acpD, azoR; FMN-dependent NADH-azoreductase [EC:1.7.1.17]",NA,NA,Not Included in Pathway or Brite,Unclassified: metabolism,Enzymes with EC numbers,TRUE,Symbiont-encoded
K01673,shannon,2.5255394387812187,-0.6911,3.31e-5,"cynT, can; carbonic anhydrase [EC:4.2.1.1]",Nitrogen metabolism; Metabolic pathways,NA,Metabolism,Energy metabolism,Nitrogen metabolism,TRUE,Symbiont-encoded
K00721,shannon,2.5147746491483596,-0.7394,4.598e-6,DPM1; dolichol-phosphate mannosyltransferase [EC:2.4.1.83],N-Glycan biosynthesis; Metabolic pathways,NA,Metabolism; Brite Hierarchies,Glycan biosynthesis and metabolism; Protein families: metabolism,N-Glycan biosynthesis; Glycosyltransferases,TRUE,Symbiont-encoded
K18879,shannon,2.4876355344363628,-0.5552,0.001772,xopD; type III effector protein XopD,Plant-pathogen interaction,NA,Organismal Systems,Environmental adaptation,Plant-pathogen interaction,TRUE,Symbiont-encoded
K10804,shannon,2.4476145974987564,-0.7512,2.654e-6,tesA; acyl-CoA thioesterase I [EC:3.1.2.- 3.1.2.2 3.1.1.2 3.1.1.5],Biosynthesis of unsaturated fatty acids,NA,Metabolism; Brite Hierarchies,Lipid metabolism; Protein families: metabolism,Biosynthesis of unsaturated fatty acids; Lipid biosynthesis proteins,TRUE,Symbiont-encoded
K02182,shannon,2.4361760079162327,-0.6695,7.144e-5,caiC; carnitine-CoA ligase [EC:6.2.1.48],NA,NA,Not Included in Pathway or Brite,Unclassified: metabolism,Enzymes with EC numbers,TRUE,Symbiont-encoded
K17763,shannon,2.414746378557072,0.6946,2.911e-5,rsbR; rsbT co-antagonist protein RsbR,NA,NA,Brite Hierarchies,Protein families: genetic information processing,Transcription machinery,TRUE,Symbiont-encoded
K01082,shannon,2.3798735985075274,-0.7507,2.717e-6,"cysQ, MET22, BPNT1; 3'(2'), 5'-bisphosphate nucleotidase [EC:3.1.3.7]",Sulfur metabolism; Metabolic pathways; Microbial metabolism in diverse environments,NA,Metabolism; Brite Hierarchies,Energy metabolism; Protein families: genetic information processing,Sulfur metabolism; Transfer RNA biogenesis,TRUE,Symbiont-encoded
K09017,simpson,7.333648179266704,-0.6931,3.077e-5,rutR; TetR/AcrR family transcriptional regulator,NA,NA,Brite Hierarchies,Protein families: genetic information processing,Transcription factors,TRUE,Symbiont-encoded
K24108,simpson,7.303349007565133,0.4665,0.01074,asbA; spermidine-citrate ligase [EC:6.3.2.-],Biosynthesis of various siderophores; Metabolic pathways; Biosynthesis of secondary metabolites,"Petrobactin biosynthesis, spermidine => petrobactin",Metabolism,Biosynthesis of other secondary metabolites,Biosynthesis of various siderophores,FALSE,Not in symbiont
K06871,simpson,6.597435204960954,-0.6522,1.262e-4,K06871; uncharacterized protein,NA,NA,Not Included in Pathway or Brite,Poorly characterized,Function unknown,TRUE,Symbiont-encoded
K17763,simpson,6.390751433868981,0.6384,1.94e-4,rsbR; rsbT co-antagonist protein RsbR,NA,NA,Brite Hierarchies,Protein families: genetic information processing,Transcription machinery,TRUE,Symbiont-encoded
K06988,simpson,4.790035726350244,-0.501,0.005636,fno; 8-hydroxy-5-deazaflavin:NADPH oxidoreductase [EC:1.5.1.40],NA,NA,Not Included in Pathway or Brite,Unclassified: metabolism,Enzymes with EC numbers,TRUE,Symbiont-encoded
K09701,simpson,3.7545768886585322,-0.1305,0.4997,K09701; uncharacterized protein,NA,NA,Not Included in Pathway or Brite,Poorly characterized,Function unknown,TRUE,Symbiont-encoded
K22317,simpson,3.1516613122933443,0.3167,0.0941,oleA; acyl-CoA:acyl-CoA alkyltransferase [EC:2.3.3.20],NA,NA,Not Included in Pathway or Brite,Unclassified: metabolism,Enzymes with EC numbers,FALSE,Not in symbiont
